name,3_letter_name,1_letter_name,molecular_weight,equipotential_point,hydrophilic,hydrophobic,amphipathic ,cyclic,essential,aromatic,aliphatic,nonpolar,polar_uncharged,acidic,basic,sulfur,pka_cooh,pka_nh3,pka_r_group,pkb_cooh,pkb_nh3,pkb_r_group
丙氨酸Alanine,ALA,A,89.09,6,0,1,0,0,0,0,1,1,0,0,0,0,2.4,9.7,,11.6,4.3,
精氨酸Arginine,ARG,R,174.2,11.15,1,0,0,0,0,0,0,0,0,0,1,0,2.2,9,12.5,11.8,5,1.5
天冬酰胺Asparagine,ASN,N,132.12,5.41,1,0,0,0,0,0,0,0,1,0,0,0,2,8.8,,12,5.2,
天冬氨酸Aspartic Acid ,ASP,D,133.1,2.77,1,0,0,0,0,0,0,0,0,1,0,0,2.1,9.8,3.9,11.9,4.2,10.1
半胱氨酸Cysteine,CYS,C,121.16,5.02,1,0,0,0,0,0,0,0,1,0,0,1,1.7,10.8,8.3,12.3,3.2,5.7
谷氨酰胺Glutamine,GLN,Q,146.15,5.65,1,0,0,0,0,0,0,0,1,0,0,0,2.2,9.7,4.3,11.8,4.3,9.7
谷氨酸Glutamic Acid,GLU,E,147.13,3.22,1,0,0,0,0,0,0,0,0,1,0,0,2.2,9.1,,11.8,4.9,
甘氨酸Glycine,GLY,G,75.07,5.97,0,1,0,0,0,0,1,0,1,0,0,0,0.23,9.6,,13.77,4.4,
组氨酸Histidine,HIS,H,155.16,7.47,1,0,0,0,0,0,0,0,0,0,1,0,1.8,9.2,6,12.2,4.8,8
异亮氨酸Isoleucine,ILE,I,131.17,5.94,0,1,0,0,1,0,1,1,0,0,0,0,2.4,9.7,,11.6,4.3,
亮氨酸Leucine,LEU,L,131.17,5.98,0,1,0,0,1,0,1,1,0,0,0,0,2.4,9.6,,11.6,4.4,
赖氨酸Lysine,LYS,K,146.19,9.59,0,0,1,0,1,0,0,0,0,0,1,0,2.2,9,10.5,11.8,5,3.5
甲硫氨酸Methionine,MET,M,149.21,5.74,0,0,1,0,1,0,0,1,0,0,0,1,2.3,9.2,,11.7,4.8,
苯丙氨酸Phenylalanine,PHE,F,165.19,5.48,0,1,0,0,1,1,0,1,0,0,0,0,1.8,9.1,,12.2,4.9,
脯氨酸Proline,PRO,P,115.13,6.3,0,1,0,1,0,0,1,1,0,0,0,0,2.1,10.6,,11.9,3.4,
丝氨酸Serine,SER,S,105.09,5.68,1,0,0,0,0,0,0,0,1,0,0,0,2.2,9.2,13,11.8,4.8,1
苏氨酸 Threonine,THR,T,119.12,5.64,1,0,0,0,1,0,0,0,1,0,0,0,2.6,10.4,13,11.4,3.6,1
色氨酸Tryptophan,TRP,W,204.23,5.89,0,0,1,0,1,1,0,1,0,0,0,0,2.4,9.4,,11.6,4.6,
酪氨酸Tyrosine,TYR,Y,181.19,5.66,0,0,1,0,0,1,0,0,1,0,0,0,2.2,9.1,10.1,11.8,4.9,3.9
缬氨酸Valine,VAL,V,117.15,5.96,0,1,0,0,1,0,1,1,0,0,0,0,2.3,9.6,,11.7,4.4,